Model,Accuracy
Logistic Regression,0.8450390189520625
Naive Bayes,0.8327759197324415
